#,Brand Name,Country
1,12 MOONS,
2,21 Borders,Nigeria
3,A Bathing Ape,
4,A-COLD-WALL*,United Kingdom
5,Ader Error,South Korea
6,adidas,
7,Aimé Leon Dore,United States
8,Alien DNA,
9,Alife,
10,Anaabu,
11,Antihero,
12,Arc'teryx,
13,Atipici,
14,Avavav,
15,Baye Fall Spirit,Senegal
16,BEAMS,
17,Billionaire Boys Club,
18,Born x Raised,United States
19,Brain Dead,
20,C.P. Company,Italy
21,Cactus Plant Flea Market,
22,Carhartt WIP,United States
23,Cecilie Bahnsen,
24,Chunk Clothing,
25,CLSC,
26,Collect the Label,
27,Comme des Garçons,Japan
28,Corteiz,United Kingdom
29,Daily Paper,Netherlands
30,DESTRUCTIBLE,
31,Doomsday Co,
32,Fear of God ESSENTIALS,
33,Felt,
34,FOSS,
35,FRUITION,
36,Heresy,
37,Human Made,Japan
38,HumanWithAttitude,
39,Interludex,United Arab Emirates
40,Jaded London,
41,JUICE,China
42,Kiko Kostadinov,
43,Kith,United States
44,KituKali,Kenya
45,LAMINAR,
46,Lazy Oaf,
47,Levi's,
48,Louis Vuitton,
49,M+RC NOIR,
50,Maha,
51,Mardi Mercredi,
52,Marine Serre,
53,Martine Rose,
54,Moncler,
55,Moon Boot,
56,Neighborhood,Japan
57,NeverEnough,
58,New Balance,
59,Nike,United States
60,NivelCrack,Argentina
61,NO/FAITH Studios,
62,Noah,United States
63,NÖRA,United Arab Emirates
64,Norse Projects,Denmark
65,Off-White,
66,Only NY,
67,Our Legacy,Sweden
68,OVA,Chile
69,OVO,
70,Palace Skateboards,United Kingdom
71,Patta,Netherlands
72,Pestle & Mortar Clothing,Malaysia
73,PIET,Brazil
74,Pigalle,France
75,Pleasures,United States
76,POST ARCHIVE FACTION,
77,Public Culture,
78,Public Housing Skate Team,
79,Qasimi,United Arab Emirates
80,RAGTAG,
81,RETERNITY,
82,Sacai,Japan
83,Sacrifice,
84,Salomon,
85,SKIMS,
86,Slam Jam,Italy
87,Stone Island,Italy
88,Stüssy,United States
89,Supreme,United States
90,SWE,
91,Takashi Murakami,
92,The Hive Clothing,
93,The North Face,United States
94,The Quiet Life,
95,Thisisneverthat,
96,Tony Delfino,
97,Triads,
98,True Religion,
99,Undefeated,
100,Unlimited Legacy,Nigeria
101,Veld,
102,Wasted Paris,France
103,WHOCLO,
104,WOOD WOOD,
105,Dover Street Market,
106,END. Clothing,
107,10 Corso Como,